Tweet,NLTK-Sentiment-Analyser,Mturk-1,Mturk-2
#Walmart teaming up with @zipline to launch an #autonomous aircraft delivery service in No…,Neutral,Neutral,Neutral
"Mathematics is Magic!
#AI #MachineLearning #data #DataScience #coding #Python #100DaysOfCode #learning #CloudComputing…",Neutral,Positive,Positive
I Made a Git Cheat-Sheet by @elmiracodes. #BigData #Analytics #DataScience #AI #MachineLearning #IoT #IIoT #PyTorch #Pytho…,Neutral,Neutral,Positive
"Will combination of #AI &amp; ITSM continue to add value as #technology matures?
#minutearticle #womenintech #women #Machine…",Positive,Neutral,Neutral
"[#Innovation] This Scottish island has the world's first tidal-powered electric car charger via @gigadgets_

#AI #Engin…",Neutral,Neutral,Neutral
love you baby AI #AI,Positive,Positive,Neutral
"In a highly regulated industry, protecting patient data and preventing #cyberattacks are top priorities.

#hclswlobp #noc…",Positive,Neutral,Neutral
"By offloading visual processing and AI object recognition to edge-level devices, the Edge AI solution eliminates the need to…",Positive,Neutral,Neutral
StrawberryHarvesting #Harvesting #Robots #AI #ArtificialIntelligence #innovation #automation #robot #robotics #sustainability…,Neutral,Negative,Positive
"Robots training to become construction workers. Soon.

#Analytics #MachineLearning #AI #Python #Rstats #Reactjs #IoT #IIoT #L…",Neutral,Neutral,Positive
Data structures in #Python #BigData #Analytics #AI #DataScience #IoT #IIoT #Azure #PyTorch #Cython #RStats #DotNet #C #CPP…,Neutral,Neutral,Positive
"Dimensions of the output from Convolution Neural Network
#DataScience #DeepLearning #MachineLearning  #ComputerVision…",Neutral,Neutral,Positive
"50+ Examples of How Blockchains are Taking Over the World

#MachineLearning #AI #Python #DataScience #BigData
#DeepLearn…",Neutral,Neutral,Positive
"Who will be the next 2 people to get @traderverseio to 2000 followers?

#NFT #Education #AI #Stocks #Crypto #HODL #Organi…",Neutral,Neutral,Neutral
"Log Parsing Cheat Sheet!

#log #Linux #unix #cheatsheet #100DaysOfCode #code #CodeNewbie #Developers #bugbounty #OpenSource #P…",Negative,Neutral,Neutral
"How to Build LSTM Models for Time Series Forecasting

#BigData #Analytics #DataScience #AI #MachineLearning #IoT #IIoT #…",Neutral,Positive,Neutral
"Artificial Intelligence and Machine Learning, Cloud Computing, and 5G Will Be the Most Important Technologies in 2022, Say…",Positive,Positive,Neutral
"Researchers made a bat #Robot
by @mashable

#MachineLearning #AI #BigData #ArtificialIntelligence #ML #Robotics #Techno…",Neutral,Positive,Neutral
"Henry Kissinger and Eric Schmidt take on #AI
◾The statesman and Google’s former boss issue a salutary warning about the fut…",Negative,Positive,Positive
".@Adobe's got a new ""sneak"" called Project Sunshine which uses #AI to bring 2D doodles to life in animated cartoons. The…",Positive,Positive,Neutral
"Medical Training and Simulation in #AugmentedReality

V/@Ronald_vanLoon 

#AI #AR #XR #VR #AR #VirtualReality #5G #Heal…",Neutral,Neutral,Positive
"This is the world's first #3D printed steel bridge
by @gigadgets_

#AI #BigData #MachineLearning #ML #MI #3DPrinting #I…",Neutral,Neutral,Neutral
"happy times, heavy times.

#внимание! the plague doctor is a rat in disguise! 

#ruDalle #AI #AIa…",Positive,Neutral,Positive
"If you have a good Internet connection, you can strengthen the #BitcoinZ network by keeping full node software running on…",Positive,Neutral,Positive
Building an AI system is a careful process of reverse-engineering human traits and capabilities in a machine and using i…,Positive,Neutral,Positive
Mount Sinai researchers are using #AI and @NVIDIA #GPUs on #Azure to detect heart failure in EKGs often undetectable to the hu…,Negative,Neutral,Positive
"#ArtificialIntelligence and #DataScience are disrupting the world of healthcare.

In this short video, Synthia and Dav…",Neutral,Negative,Negative
"Rise Of #ArtificialIntelligence Means Architects Are ""doomed"" Says Sebastian Errazuriz
by @marcusfairs @dezeen

Learn m…",Neutral,Neutral,Neutral